Table:CsvISHeroRecruit,,,,,,,,
tid,type:HeroRecruitType,group_id,times,clear_num,success_prob,success_drop,fail_drop,hero_tid
#编号,抽将类型,概率组,次数,次数重置值,掉落成功概率,成功掉落组,失败掉落组,神将Tid
#,第一组：10101,神将活动-克总,,,,,,
10101,钻石招募,101,1,61,0,100,100,1011
10102,钻石招募,101,2,61,0,100,100,
10103,钻石招募,101,3,61,0,100,100,
10104,钻石招募,101,4,61,0,100,100,
10105,钻石招募,101,5,61,0,100,100,
10106,钻石招募,101,6,61,0,100,100,
10107,钻石招募,101,7,61,0,100,100,
10108,钻石招募,101,8,61,0,100,100,
10109,钻石招募,101,9,61,0,100,100,
10110,钻石招募,101,10,61,0,6,3,
10111,钻石招募,101,11,61,0,100,100,
10112,钻石招募,101,12,61,0,100,100,
10113,钻石招募,101,13,61,0,100,100,
10114,钻石招募,101,14,61,0,100,100,
10115,钻石招募,101,15,61,0,100,100,
10116,钻石招募,101,16,61,0,100,100,
10117,钻石招募,101,17,61,0,100,100,
10118,钻石招募,101,18,61,0,100,100,
10119,钻石招募,101,19,61,0,100,100,
10120,钻石招募,101,20,61,0,6,3,
10121,钻石招募,101,21,61,0,100,100,
10122,钻石招募,101,22,61,0,100,100,
10123,钻石招募,101,23,61,0,100,100,
10124,钻石招募,101,24,61,0,100,100,
10125,钻石招募,101,25,61,0,100,100,
10126,钻石招募,101,26,61,0,100,100,
10127,钻石招募,101,27,61,0,100,100,
10128,钻石招募,101,28,61,0,100,100,
10129,钻石招募,101,29,61,0,100,100,
10130,钻石招募,101,30,61,0,6,3,
10131,钻石招募,101,31,61,0,100,100,
10132,钻石招募,101,32,61,0,100,100,
10133,钻石招募,101,33,61,0,100,100,
10134,钻石招募,101,34,61,0,100,100,
10135,钻石招募,101,35,61,0,100,100,
10136,钻石招募,101,36,61,0,100,100,
10137,钻石招募,101,37,61,0,100,100,
10138,钻石招募,101,38,61,0,100,100,
10139,钻石招募,101,39,61,0,100,100,
10140,钻石招募,101,40,61,2000,6,3,
10141,钻石招募,101,41,61,0,100,100,
10142,钻石招募,101,42,61,0,100,100,
10143,钻石招募,101,43,61,0,100,100,
10144,钻石招募,101,44,61,0,100,100,
10145,钻石招募,101,45,61,0,100,100,
10146,钻石招募,101,46,61,0,100,100,
10147,钻石招募,101,47,61,0,100,100,
10148,钻石招募,101,48,61,0,100,100,
10149,钻石招募,101,49,61,0,100,100,
10150,钻石招募,101,50,61,7500,6,3,
10151,钻石招募,101,51,61,0,100,100,
10152,钻石招募,101,52,61,0,100,100,
10153,钻石招募,101,53,61,0,100,100,
10154,钻石招募,101,54,61,0,100,100,
10155,钻石招募,101,55,61,0,100,100,
10156,钻石招募,101,56,61,0,100,100,
10157,钻石招募,101,57,61,0,100,100,
10158,钻石招募,101,58,61,0,100,100,
10159,钻石招募,101,59,61,0,100,100,
10160,钻石招募,101,60,61,10000,6,3,
10161,钻石招募,101,61,61,0,100,100,
10162,钻石招募,101,62,61,0,100,100,
10163,钻石招募,101,63,61,0,100,100,
10164,钻石招募,101,64,61,0,100,100,
10165,钻石招募,101,65,61,0,100,100,
10166,钻石招募,101,66,61,0,100,100,
10167,钻石招募,101,67,61,0,100,100,
10168,钻石招募,101,68,61,0,100,100,
10169,钻石招募,101,69,61,0,100,100,
10170,钻石招募,101,70,61,0,6,3,
10171,钻石招募,101,71,61,0,100,100,
10172,钻石招募,101,72,61,0,100,100,
10173,钻石招募,101,73,61,0,100,100,
10174,钻石招募,101,74,61,0,100,100,
10175,钻石招募,101,75,61,0,100,100,
10176,钻石招募,101,76,61,0,100,100,
10177,钻石招募,101,77,61,0,100,100,
10178,钻石招募,101,78,61,0,100,100,
10179,钻石招募,101,79,61,0,100,100,
10180,钻石招募,101,80,61,0,6,3,
10181,钻石招募,101,81,61,0,100,100,
10182,钻石招募,101,82,61,0,100,100,
10183,钻石招募,101,83,61,0,100,100,
10184,钻石招募,101,84,61,0,100,100,
10185,钻石招募,101,85,61,0,100,100,
10186,钻石招募,101,86,61,0,100,100,
10187,钻石招募,101,87,61,0,100,100,
10188,钻石招募,101,88,61,0,100,100,
10189,钻石招募,101,89,61,0,100,100,
10190,钻石招募,101,90,61,0,6,3,
10191,钻石招募,101,91,61,0,100,100,
10192,钻石招募,101,92,61,0,100,100,
10193,钻石招募,101,93,61,0,100,100,
10194,钻石招募,101,94,61,0,100,100,
10195,钻石招募,101,95,61,0,100,100,
10196,钻石招募,101,96,61,0,100,100,
10197,钻石招募,101,97,61,0,100,100,
10198,钻石招募,101,98,61,0,100,100,
10199,钻石招募,101,99,61,0,100,100,
10200,钻石招募,101,100,61,0,6,3,
10201,钻石招募,101,101,61,0,100,100,
10202,钻石招募,101,102,61,0,100,100,
10203,钻石招募,101,103,61,0,100,100,
10204,钻石招募,101,104,61,0,100,100,
10205,钻石招募,101,105,61,0,100,100,
10206,钻石招募,101,106,61,0,100,100,
10207,钻石招募,101,107,61,0,100,100,
10208,钻石招募,101,108,61,0,100,100,
10209,钻石招募,101,109,61,0,100,100,
10210,钻石招募,101,110,61,0,6,3,
10211,钻石招募,101,111,61,0,100,100,
10212,钻石招募,101,112,61,0,100,100,
10213,钻石招募,101,113,61,0,100,100,
10214,钻石招募,101,114,61,0,100,100,
10215,钻石招募,101,115,61,0,100,100,
10216,钻石招募,101,116,61,0,100,100,
10217,钻石招募,101,117,61,0,100,100,
10218,钻石招募,101,118,61,0,100,100,
10219,钻石招募,101,119,61,0,100,100,
10220,钻石招募,101,120,61,0,6,3,
10221,钻石招募,101,121,61,0,100,100,
10222,钻石招募,101,122,61,0,100,100,
10223,钻石招募,101,123,61,0,100,100,
10224,钻石招募,101,124,61,0,100,100,
10225,钻石招募,101,125,61,0,100,100,
10226,钻石招募,101,126,61,0,100,100,
10227,钻石招募,101,127,61,0,100,100,
10228,钻石招募,101,128,61,0,100,100,
10229,钻石招募,101,129,61,0,100,100,
10230,钻石招募,101,130,61,0,6,3,
10231,钻石招募,101,131,61,0,100,100,
10232,钻石招募,101,132,61,0,100,100,
10233,钻石招募,101,133,61,0,100,100,
10234,钻石招募,101,134,61,0,100,100,
10235,钻石招募,101,135,61,0,100,100,
10236,钻石招募,101,136,61,0,100,100,
10237,钻石招募,101,137,61,0,100,100,
10238,钻石招募,101,138,61,0,100,100,
10239,钻石招募,101,139,61,0,100,100,
10240,钻石招募,101,140,61,500,6,3,
10241,钻石招募,101,141,61,0,100,100,
10242,钻石招募,101,142,61,0,100,100,
10243,钻石招募,101,143,61,0,100,100,
10244,钻石招募,101,144,61,0,100,100,
10245,钻石招募,101,145,61,0,100,100,
10246,钻石招募,101,146,61,0,100,100,
10247,钻石招募,101,147,61,0,100,100,
10248,钻石招募,101,148,61,0,100,100,
10249,钻石招募,101,149,61,0,100,100,
10250,钻石招募,101,150,61,2000,6,3,
10251,钻石招募,101,151,61,0,100,100,
10252,钻石招募,101,152,61,0,100,100,
10253,钻石招募,101,153,61,0,100,100,
10254,钻石招募,101,154,61,0,100,100,
10255,钻石招募,101,155,61,0,100,100,
10256,钻石招募,101,156,61,0,100,100,
10257,钻石招募,101,157,61,0,100,100,
10258,钻石招募,101,158,61,0,100,100,
10259,钻石招募,101,159,61,0,100,100,
10260,钻石招募,101,160,61,6000,6,3,
10261,钻石招募,101,161,61,0,100,100,
10262,钻石招募,101,162,61,0,100,100,
10263,钻石招募,101,163,61,0,100,100,
10264,钻石招募,101,164,61,0,100,100,
10265,钻石招募,101,165,61,0,100,100,
10266,钻石招募,101,166,61,0,100,100,
10267,钻石招募,101,167,61,0,100,100,
10268,钻石招募,101,168,61,0,100,100,
10269,钻石招募,101,169,61,0,100,100,
10270,钻石招募,101,170,61,8000,6,3,
10271,钻石招募,101,171,61,0,100,100,
10272,钻石招募,101,172,61,0,100,100,
10273,钻石招募,101,173,61,0,100,100,
10274,钻石招募,101,174,61,0,100,100,
10275,钻石招募,101,175,61,0,100,100,
10276,钻石招募,101,176,61,0,100,100,
10277,钻石招募,101,177,61,0,100,100,
10278,钻石招募,101,178,61,0,100,100,
10279,钻石招募,101,179,61,0,100,100,
10280,钻石招募,101,180,61,10000,6,3,
#,,,,,,,,
11001,战令招募,102,1,1,10000,5,5,
#,,,,,,,,
12001,十连抽（赠送）,103,1,1,10000,5,5,
#,第二组：20101,神将活动-逐日者,,,,,,
20101,钻石招募,201,1,61,0,100,100,1012
20102,钻石招募,201,2,61,0,100,100,
20103,钻石招募,201,3,61,0,100,100,
20104,钻石招募,201,4,61,0,100,100,
20105,钻石招募,201,5,61,0,100,100,
20106,钻石招募,201,6,61,0,100,100,
20107,钻石招募,201,7,61,0,100,100,
20108,钻石招募,201,8,61,0,100,100,
20109,钻石招募,201,9,61,0,100,100,
20110,钻石招募,201,10,61,0,7,3,
20111,钻石招募,201,11,61,0,100,100,
20112,钻石招募,201,12,61,0,100,100,
20113,钻石招募,201,13,61,0,100,100,
20114,钻石招募,201,14,61,0,100,100,
20115,钻石招募,201,15,61,0,100,100,
20116,钻石招募,201,16,61,0,100,100,
20117,钻石招募,201,17,61,0,100,100,
20118,钻石招募,201,18,61,0,100,100,
20119,钻石招募,201,19,61,0,100,100,
20120,钻石招募,201,20,61,0,7,3,
20121,钻石招募,201,21,61,0,100,100,
20122,钻石招募,201,22,61,0,100,100,
20123,钻石招募,201,23,61,0,100,100,
20124,钻石招募,201,24,61,0,100,100,
20125,钻石招募,201,25,61,0,100,100,
20126,钻石招募,201,26,61,0,100,100,
20127,钻石招募,201,27,61,0,100,100,
20128,钻石招募,201,28,61,0,100,100,
20129,钻石招募,201,29,61,0,100,100,
20130,钻石招募,201,30,61,0,7,3,
20131,钻石招募,201,31,61,0,100,100,
20132,钻石招募,201,32,61,0,100,100,
20133,钻石招募,201,33,61,0,100,100,
20134,钻石招募,201,34,61,0,100,100,
20135,钻石招募,201,35,61,0,100,100,
20136,钻石招募,201,36,61,0,100,100,
20137,钻石招募,201,37,61,0,100,100,
20138,钻石招募,201,38,61,0,100,100,
20139,钻石招募,201,39,61,0,100,100,
20140,钻石招募,201,40,61,2000,7,3,
20141,钻石招募,201,41,61,0,100,100,
20142,钻石招募,201,42,61,0,100,100,
20143,钻石招募,201,43,61,0,100,100,
20144,钻石招募,201,44,61,0,100,100,
20145,钻石招募,201,45,61,0,100,100,
20146,钻石招募,201,46,61,0,100,100,
20147,钻石招募,201,47,61,0,100,100,
20148,钻石招募,201,48,61,0,100,100,
20149,钻石招募,201,49,61,0,100,100,
20150,钻石招募,201,50,61,7500,7,3,
20151,钻石招募,201,51,61,0,100,100,
20152,钻石招募,201,52,61,0,100,100,
20153,钻石招募,201,53,61,0,100,100,
20154,钻石招募,201,54,61,0,100,100,
20155,钻石招募,201,55,61,0,100,100,
20156,钻石招募,201,56,61,0,100,100,
20157,钻石招募,201,57,61,0,100,100,
20158,钻石招募,201,58,61,0,100,100,
20159,钻石招募,201,59,61,0,100,100,
20160,钻石招募,201,60,61,10000,7,3,
20161,钻石招募,201,61,61,0,100,100,
20162,钻石招募,201,62,61,0,100,100,
20163,钻石招募,201,63,61,0,100,100,
20164,钻石招募,201,64,61,0,100,100,
20165,钻石招募,201,65,61,0,100,100,
20166,钻石招募,201,66,61,0,100,100,
20167,钻石招募,201,67,61,0,100,100,
20168,钻石招募,201,68,61,0,100,100,
20169,钻石招募,201,69,61,0,100,100,
20170,钻石招募,201,70,61,0,7,3,
20171,钻石招募,201,71,61,0,100,100,
20172,钻石招募,201,72,61,0,100,100,
20173,钻石招募,201,73,61,0,100,100,
20174,钻石招募,201,74,61,0,100,100,
20175,钻石招募,201,75,61,0,100,100,
20176,钻石招募,201,76,61,0,100,100,
20177,钻石招募,201,77,61,0,100,100,
20178,钻石招募,201,78,61,0,100,100,
20179,钻石招募,201,79,61,0,100,100,
20180,钻石招募,201,80,61,0,7,3,
20181,钻石招募,201,81,61,0,100,100,
20182,钻石招募,201,82,61,0,100,100,
20183,钻石招募,201,83,61,0,100,100,
20184,钻石招募,201,84,61,0,100,100,
20185,钻石招募,201,85,61,0,100,100,
20186,钻石招募,201,86,61,0,100,100,
20187,钻石招募,201,87,61,0,100,100,
20188,钻石招募,201,88,61,0,100,100,
20189,钻石招募,201,89,61,0,100,100,
20190,钻石招募,201,90,61,0,7,3,
20191,钻石招募,201,91,61,0,100,100,
20192,钻石招募,201,92,61,0,100,100,
20193,钻石招募,201,93,61,0,100,100,
20194,钻石招募,201,94,61,0,100,100,
20195,钻石招募,201,95,61,0,100,100,
20196,钻石招募,201,96,61,0,100,100,
20197,钻石招募,201,97,61,0,100,100,
20198,钻石招募,201,98,61,0,100,100,
20199,钻石招募,201,99,61,0,100,100,
20200,钻石招募,201,100,61,0,7,3,
20201,钻石招募,201,101,61,0,100,100,
20202,钻石招募,201,102,61,0,100,100,
20203,钻石招募,201,103,61,0,100,100,
20204,钻石招募,201,104,61,0,100,100,
20205,钻石招募,201,105,61,0,100,100,
20206,钻石招募,201,106,61,0,100,100,
20207,钻石招募,201,107,61,0,100,100,
20208,钻石招募,201,108,61,0,100,100,
20209,钻石招募,201,109,61,0,100,100,
20210,钻石招募,201,110,61,0,7,3,
20211,钻石招募,201,111,61,0,100,100,
20212,钻石招募,201,112,61,0,100,100,
20213,钻石招募,201,113,61,0,100,100,
20214,钻石招募,201,114,61,0,100,100,
20215,钻石招募,201,115,61,0,100,100,
20216,钻石招募,201,116,61,0,100,100,
20217,钻石招募,201,117,61,0,100,100,
20218,钻石招募,201,118,61,0,100,100,
20219,钻石招募,201,119,61,0,100,100,
20220,钻石招募,201,120,61,0,7,3,
20221,钻石招募,201,121,61,0,100,100,
20222,钻石招募,201,122,61,0,100,100,
20223,钻石招募,201,123,61,0,100,100,
20224,钻石招募,201,124,61,0,100,100,
20225,钻石招募,201,125,61,0,100,100,
20226,钻石招募,201,126,61,0,100,100,
20227,钻石招募,201,127,61,0,100,100,
20228,钻石招募,201,128,61,0,100,100,
20229,钻石招募,201,129,61,0,100,100,
20230,钻石招募,201,130,61,0,7,3,
20231,钻石招募,201,131,61,0,100,100,
20232,钻石招募,201,132,61,0,100,100,
20233,钻石招募,201,133,61,0,100,100,
20234,钻石招募,201,134,61,0,100,100,
20235,钻石招募,201,135,61,0,100,100,
20236,钻石招募,201,136,61,0,100,100,
20237,钻石招募,201,137,61,0,100,100,
20238,钻石招募,201,138,61,0,100,100,
20239,钻石招募,201,139,61,0,100,100,
20240,钻石招募,201,140,61,500,7,3,
20241,钻石招募,201,141,61,0,100,100,
20242,钻石招募,201,142,61,0,100,100,
20243,钻石招募,201,143,61,0,100,100,
20244,钻石招募,201,144,61,0,100,100,
20245,钻石招募,201,145,61,0,100,100,
20246,钻石招募,201,146,61,0,100,100,
20247,钻石招募,201,147,61,0,100,100,
20248,钻石招募,201,148,61,0,100,100,
20249,钻石招募,201,149,61,0,100,100,
20250,钻石招募,201,150,61,2000,7,3,
20251,钻石招募,201,151,61,0,100,100,
20252,钻石招募,201,152,61,0,100,100,
20253,钻石招募,201,153,61,0,100,100,
20254,钻石招募,201,154,61,0,100,100,
20255,钻石招募,201,155,61,0,100,100,
20256,钻石招募,201,156,61,0,100,100,
20257,钻石招募,201,157,61,0,100,100,
20258,钻石招募,201,158,61,0,100,100,
20259,钻石招募,201,159,61,0,100,100,
20260,钻石招募,201,160,61,6000,7,3,
20261,钻石招募,201,161,61,0,100,100,
20262,钻石招募,201,162,61,0,100,100,
20263,钻石招募,201,163,61,0,100,100,
20264,钻石招募,201,164,61,0,100,100,
20265,钻石招募,201,165,61,0,100,100,
20266,钻石招募,201,166,61,0,100,100,
20267,钻石招募,201,167,61,0,100,100,
20268,钻石招募,201,168,61,0,100,100,
20269,钻石招募,201,169,61,0,100,100,
20270,钻石招募,201,170,61,8000,7,3,
20271,钻石招募,201,171,61,0,100,100,
20272,钻石招募,201,172,61,0,100,100,
20273,钻石招募,201,173,61,0,100,100,
20274,钻石招募,201,174,61,0,100,100,
20275,钻石招募,201,175,61,0,100,100,
20276,钻石招募,201,176,61,0,100,100,
20277,钻石招募,201,177,61,0,100,100,
20278,钻石招募,201,178,61,0,100,100,
20279,钻石招募,201,179,61,0,100,100,
20280,钻石招募,201,180,61,10000,7,3,
#,,,,,,,,
21001,战令招募,202,1,1,10000,5,5,
#,,,,,,,,
22001,十连抽（赠送）,203,1,1,10000,5,5,
#,第三组：30101,神将活动-牛头人酋长,,,,,,
30101,钻石招募,301,1,61,0,100,100,1027
30102,钻石招募,301,2,61,0,100,100,
30103,钻石招募,301,3,61,0,100,100,
30104,钻石招募,301,4,61,0,100,100,
30105,钻石招募,301,5,61,0,100,100,
30106,钻石招募,301,6,61,0,100,100,
30107,钻石招募,301,7,61,0,100,100,
30108,钻石招募,301,8,61,0,100,100,
30109,钻石招募,301,9,61,0,100,100,
30110,钻石招募,301,10,61,0,8,3,
30111,钻石招募,301,11,61,0,100,100,
30112,钻石招募,301,12,61,0,100,100,
30113,钻石招募,301,13,61,0,100,100,
30114,钻石招募,301,14,61,0,100,100,
30115,钻石招募,301,15,61,0,100,100,
30116,钻石招募,301,16,61,0,100,100,
30117,钻石招募,301,17,61,0,100,100,
30118,钻石招募,301,18,61,0,100,100,
30119,钻石招募,301,19,61,0,100,100,
30120,钻石招募,301,20,61,0,8,3,
30121,钻石招募,301,21,61,0,100,100,
30122,钻石招募,301,22,61,0,100,100,
30123,钻石招募,301,23,61,0,100,100,
30124,钻石招募,301,24,61,0,100,100,
30125,钻石招募,301,25,61,0,100,100,
30126,钻石招募,301,26,61,0,100,100,
30127,钻石招募,301,27,61,0,100,100,
30128,钻石招募,301,28,61,0,100,100,
30129,钻石招募,301,29,61,0,100,100,
30130,钻石招募,301,30,61,0,8,3,
30131,钻石招募,301,31,61,0,100,100,
30132,钻石招募,301,32,61,0,100,100,
30133,钻石招募,301,33,61,0,100,100,
30134,钻石招募,301,34,61,0,100,100,
30135,钻石招募,301,35,61,0,100,100,
30136,钻石招募,301,36,61,0,100,100,
30137,钻石招募,301,37,61,0,100,100,
30138,钻石招募,301,38,61,0,100,100,
30139,钻石招募,301,39,61,0,100,100,
30140,钻石招募,301,40,61,2000,8,3,
30141,钻石招募,301,41,61,0,100,100,
30142,钻石招募,301,42,61,0,100,100,
30143,钻石招募,301,43,61,0,100,100,
30144,钻石招募,301,44,61,0,100,100,
30145,钻石招募,301,45,61,0,100,100,
30146,钻石招募,301,46,61,0,100,100,
30147,钻石招募,301,47,61,0,100,100,
30148,钻石招募,301,48,61,0,100,100,
30149,钻石招募,301,49,61,0,100,100,
30150,钻石招募,301,50,61,7500,8,3,
30151,钻石招募,301,51,61,0,100,100,
30152,钻石招募,301,52,61,0,100,100,
30153,钻石招募,301,53,61,0,100,100,
30154,钻石招募,301,54,61,0,100,100,
30155,钻石招募,301,55,61,0,100,100,
30156,钻石招募,301,56,61,0,100,100,
30157,钻石招募,301,57,61,0,100,100,
30158,钻石招募,301,58,61,0,100,100,
30159,钻石招募,301,59,61,0,100,100,
30160,钻石招募,301,60,61,10000,8,3,
30161,钻石招募,301,61,61,0,100,100,
30162,钻石招募,301,62,61,0,100,100,
30163,钻石招募,301,63,61,0,100,100,
30164,钻石招募,301,64,61,0,100,100,
30165,钻石招募,301,65,61,0,100,100,
30166,钻石招募,301,66,61,0,100,100,
30167,钻石招募,301,67,61,0,100,100,
30168,钻石招募,301,68,61,0,100,100,
30169,钻石招募,301,69,61,0,100,100,
30170,钻石招募,301,70,61,0,8,3,
30171,钻石招募,301,71,61,0,100,100,
30172,钻石招募,301,72,61,0,100,100,
30173,钻石招募,301,73,61,0,100,100,
30174,钻石招募,301,74,61,0,100,100,
30175,钻石招募,301,75,61,0,100,100,
30176,钻石招募,301,76,61,0,100,100,
30177,钻石招募,301,77,61,0,100,100,
30178,钻石招募,301,78,61,0,100,100,
30179,钻石招募,301,79,61,0,100,100,
30180,钻石招募,301,80,61,0,8,3,
30181,钻石招募,301,81,61,0,100,100,
30182,钻石招募,301,82,61,0,100,100,
30183,钻石招募,301,83,61,0,100,100,
30184,钻石招募,301,84,61,0,100,100,
30185,钻石招募,301,85,61,0,100,100,
30186,钻石招募,301,86,61,0,100,100,
30187,钻石招募,301,87,61,0,100,100,
30188,钻石招募,301,88,61,0,100,100,
30189,钻石招募,301,89,61,0,100,100,
30190,钻石招募,301,90,61,0,8,3,
30191,钻石招募,301,91,61,0,100,100,
30192,钻石招募,301,92,61,0,100,100,
30193,钻石招募,301,93,61,0,100,100,
30194,钻石招募,301,94,61,0,100,100,
30195,钻石招募,301,95,61,0,100,100,
30196,钻石招募,301,96,61,0,100,100,
30197,钻石招募,301,97,61,0,100,100,
30198,钻石招募,301,98,61,0,100,100,
30199,钻石招募,301,99,61,0,100,100,
30200,钻石招募,301,100,61,0,8,3,
30201,钻石招募,301,101,61,0,100,100,
30202,钻石招募,301,102,61,0,100,100,
30203,钻石招募,301,103,61,0,100,100,
30204,钻石招募,301,104,61,0,100,100,
30205,钻石招募,301,105,61,0,100,100,
30206,钻石招募,301,106,61,0,100,100,
30207,钻石招募,301,107,61,0,100,100,
30208,钻石招募,301,108,61,0,100,100,
30209,钻石招募,301,109,61,0,100,100,
30210,钻石招募,301,110,61,0,8,3,
30211,钻石招募,301,111,61,0,100,100,
30212,钻石招募,301,112,61,0,100,100,
30213,钻石招募,301,113,61,0,100,100,
30214,钻石招募,301,114,61,0,100,100,
30215,钻石招募,301,115,61,0,100,100,
30216,钻石招募,301,116,61,0,100,100,
30217,钻石招募,301,117,61,0,100,100,
30218,钻石招募,301,118,61,0,100,100,
30219,钻石招募,301,119,61,0,100,100,
30220,钻石招募,301,120,61,0,8,3,
30221,钻石招募,301,121,61,0,100,100,
30222,钻石招募,301,122,61,0,100,100,
30223,钻石招募,301,123,61,0,100,100,
30224,钻石招募,301,124,61,0,100,100,
30225,钻石招募,301,125,61,0,100,100,
30226,钻石招募,301,126,61,0,100,100,
30227,钻石招募,301,127,61,0,100,100,
30228,钻石招募,301,128,61,0,100,100,
30229,钻石招募,301,129,61,0,100,100,
30230,钻石招募,301,130,61,0,8,3,
30231,钻石招募,301,131,61,0,100,100,
30232,钻石招募,301,132,61,0,100,100,
30233,钻石招募,301,133,61,0,100,100,
30234,钻石招募,301,134,61,0,100,100,
30235,钻石招募,301,135,61,0,100,100,
30236,钻石招募,301,136,61,0,100,100,
30237,钻石招募,301,137,61,0,100,100,
30238,钻石招募,301,138,61,0,100,100,
30239,钻石招募,301,139,61,0,100,100,
30240,钻石招募,301,140,61,500,8,3,
30241,钻石招募,301,141,61,0,100,100,
30242,钻石招募,301,142,61,0,100,100,
30243,钻石招募,301,143,61,0,100,100,
30244,钻石招募,301,144,61,0,100,100,
30245,钻石招募,301,145,61,0,100,100,
30246,钻石招募,301,146,61,0,100,100,
30247,钻石招募,301,147,61,0,100,100,
30248,钻石招募,301,148,61,0,100,100,
30249,钻石招募,301,149,61,0,100,100,
30250,钻石招募,301,150,61,2000,8,3,
30251,钻石招募,301,151,61,0,100,100,
30252,钻石招募,301,152,61,0,100,100,
30253,钻石招募,301,153,61,0,100,100,
30254,钻石招募,301,154,61,0,100,100,
30255,钻石招募,301,155,61,0,100,100,
30256,钻石招募,301,156,61,0,100,100,
30257,钻石招募,301,157,61,0,100,100,
30258,钻石招募,301,158,61,0,100,100,
30259,钻石招募,301,159,61,0,100,100,
30260,钻石招募,301,160,61,6000,8,3,
30261,钻石招募,301,161,61,0,100,100,
30262,钻石招募,301,162,61,0,100,100,
30263,钻石招募,301,163,61,0,100,100,
30264,钻石招募,301,164,61,0,100,100,
30265,钻石招募,301,165,61,0,100,100,
30266,钻石招募,301,166,61,0,100,100,
30267,钻石招募,301,167,61,0,100,100,
30268,钻石招募,301,168,61,0,100,100,
30269,钻石招募,301,169,61,0,100,100,
30270,钻石招募,301,170,61,8000,8,3,
30271,钻石招募,301,171,61,0,100,100,
30272,钻石招募,301,172,61,0,100,100,
30273,钻石招募,301,173,61,0,100,100,
30274,钻石招募,301,174,61,0,100,100,
30275,钻石招募,301,175,61,0,100,100,
30276,钻石招募,301,176,61,0,100,100,
30277,钻石招募,301,177,61,0,100,100,
30278,钻石招募,301,178,61,0,100,100,
30279,钻石招募,301,179,61,0,100,100,
30280,钻石招募,301,180,61,10000,8,3,
#,,,,,,,,
31001,战令招募,302,1,1,10000,5,5,
#,,,,,,,,
32001,十连抽（赠送）,303,1,1,10000,5,5,
#,第四组：40101,神将活动-半神塞纳留斯,,,,,,
40101,钻石招募,401,1,61,0,100,100,1020
40102,钻石招募,401,2,61,0,100,100,
40103,钻石招募,401,3,61,0,100,100,
40104,钻石招募,401,4,61,0,100,100,
40105,钻石招募,401,5,61,0,100,100,
40106,钻石招募,401,6,61,0,100,100,
40107,钻石招募,401,7,61,0,100,100,
40108,钻石招募,401,8,61,0,100,100,
40109,钻石招募,401,9,61,0,100,100,
40110,钻石招募,401,10,61,0,10,3,
40111,钻石招募,401,11,61,0,100,100,
40112,钻石招募,401,12,61,0,100,100,
40113,钻石招募,401,13,61,0,100,100,
40114,钻石招募,401,14,61,0,100,100,
40115,钻石招募,401,15,61,0,100,100,
40116,钻石招募,401,16,61,0,100,100,
40117,钻石招募,401,17,61,0,100,100,
40118,钻石招募,401,18,61,0,100,100,
40119,钻石招募,401,19,61,0,100,100,
40120,钻石招募,401,20,61,0,10,3,
40121,钻石招募,401,21,61,0,100,100,
40122,钻石招募,401,22,61,0,100,100,
40123,钻石招募,401,23,61,0,100,100,
40124,钻石招募,401,24,61,0,100,100,
40125,钻石招募,401,25,61,0,100,100,
40126,钻石招募,401,26,61,0,100,100,
40127,钻石招募,401,27,61,0,100,100,
40128,钻石招募,401,28,61,0,100,100,
40129,钻石招募,401,29,61,0,100,100,
40130,钻石招募,401,30,61,0,10,3,
40131,钻石招募,401,31,61,0,100,100,
40132,钻石招募,401,32,61,0,100,100,
40133,钻石招募,401,33,61,0,100,100,
40134,钻石招募,401,34,61,0,100,100,
40135,钻石招募,401,35,61,0,100,100,
40136,钻石招募,401,36,61,0,100,100,
40137,钻石招募,401,37,61,0,100,100,
40138,钻石招募,401,38,61,0,100,100,
40139,钻石招募,401,39,61,0,100,100,
40140,钻石招募,401,40,61,2000,10,3,
40141,钻石招募,401,41,61,0,100,100,
40142,钻石招募,401,42,61,0,100,100,
40143,钻石招募,401,43,61,0,100,100,
40144,钻石招募,401,44,61,0,100,100,
40145,钻石招募,401,45,61,0,100,100,
40146,钻石招募,401,46,61,0,100,100,
40147,钻石招募,401,47,61,0,100,100,
40148,钻石招募,401,48,61,0,100,100,
40149,钻石招募,401,49,61,0,100,100,
40150,钻石招募,401,50,61,7500,10,3,
40151,钻石招募,401,51,61,0,100,100,
40152,钻石招募,401,52,61,0,100,100,
40153,钻石招募,401,53,61,0,100,100,
40154,钻石招募,401,54,61,0,100,100,
40155,钻石招募,401,55,61,0,100,100,
40156,钻石招募,401,56,61,0,100,100,
40157,钻石招募,401,57,61,0,100,100,
40158,钻石招募,401,58,61,0,100,100,
40159,钻石招募,401,59,61,0,100,100,
40160,钻石招募,401,60,61,10000,10,3,
40161,钻石招募,401,61,61,0,100,100,
40162,钻石招募,401,62,61,0,100,100,
40163,钻石招募,401,63,61,0,100,100,
40164,钻石招募,401,64,61,0,100,100,
40165,钻石招募,401,65,61,0,100,100,
40166,钻石招募,401,66,61,0,100,100,
40167,钻石招募,401,67,61,0,100,100,
40168,钻石招募,401,68,61,0,100,100,
40169,钻石招募,401,69,61,0,100,100,
40170,钻石招募,401,70,61,0,10,3,
40171,钻石招募,401,71,61,0,100,100,
40172,钻石招募,401,72,61,0,100,100,
40173,钻石招募,401,73,61,0,100,100,
40174,钻石招募,401,74,61,0,100,100,
40175,钻石招募,401,75,61,0,100,100,
40176,钻石招募,401,76,61,0,100,100,
40177,钻石招募,401,77,61,0,100,100,
40178,钻石招募,401,78,61,0,100,100,
40179,钻石招募,401,79,61,0,100,100,
40180,钻石招募,401,80,61,0,10,3,
40181,钻石招募,401,81,61,0,100,100,
40182,钻石招募,401,82,61,0,100,100,
40183,钻石招募,401,83,61,0,100,100,
40184,钻石招募,401,84,61,0,100,100,
40185,钻石招募,401,85,61,0,100,100,
40186,钻石招募,401,86,61,0,100,100,
40187,钻石招募,401,87,61,0,100,100,
40188,钻石招募,401,88,61,0,100,100,
40189,钻石招募,401,89,61,0,100,100,
40190,钻石招募,401,90,61,0,10,3,
40191,钻石招募,401,91,61,0,100,100,
40192,钻石招募,401,92,61,0,100,100,
40193,钻石招募,401,93,61,0,100,100,
40194,钻石招募,401,94,61,0,100,100,
40195,钻石招募,401,95,61,0,100,100,
40196,钻石招募,401,96,61,0,100,100,
40197,钻石招募,401,97,61,0,100,100,
40198,钻石招募,401,98,61,0,100,100,
40199,钻石招募,401,99,61,0,100,100,
40200,钻石招募,401,100,61,0,10,3,
40201,钻石招募,401,101,61,0,100,100,
40202,钻石招募,401,102,61,0,100,100,
40203,钻石招募,401,103,61,0,100,100,
40204,钻石招募,401,104,61,0,100,100,
40205,钻石招募,401,105,61,0,100,100,
40206,钻石招募,401,106,61,0,100,100,
40207,钻石招募,401,107,61,0,100,100,
40208,钻石招募,401,108,61,0,100,100,
40209,钻石招募,401,109,61,0,100,100,
40210,钻石招募,401,110,61,0,10,3,
40211,钻石招募,401,111,61,0,100,100,
40212,钻石招募,401,112,61,0,100,100,
40213,钻石招募,401,113,61,0,100,100,
40214,钻石招募,401,114,61,0,100,100,
40215,钻石招募,401,115,61,0,100,100,
40216,钻石招募,401,116,61,0,100,100,
40217,钻石招募,401,117,61,0,100,100,
40218,钻石招募,401,118,61,0,100,100,
40219,钻石招募,401,119,61,0,100,100,
40220,钻石招募,401,120,61,0,10,3,
40221,钻石招募,401,121,61,0,100,100,
40222,钻石招募,401,122,61,0,100,100,
40223,钻石招募,401,123,61,0,100,100,
40224,钻石招募,401,124,61,0,100,100,
40225,钻石招募,401,125,61,0,100,100,
40226,钻石招募,401,126,61,0,100,100,
40227,钻石招募,401,127,61,0,100,100,
40228,钻石招募,401,128,61,0,100,100,
40229,钻石招募,401,129,61,0,100,100,
40230,钻石招募,401,130,61,0,10,3,
40231,钻石招募,401,131,61,0,100,100,
40232,钻石招募,401,132,61,0,100,100,
40233,钻石招募,401,133,61,0,100,100,
40234,钻石招募,401,134,61,0,100,100,
40235,钻石招募,401,135,61,0,100,100,
40236,钻石招募,401,136,61,0,100,100,
40237,钻石招募,401,137,61,0,100,100,
40238,钻石招募,401,138,61,0,100,100,
40239,钻石招募,401,139,61,0,100,100,
40240,钻石招募,401,140,61,500,10,3,
40241,钻石招募,401,141,61,0,100,100,
40242,钻石招募,401,142,61,0,100,100,
40243,钻石招募,401,143,61,0,100,100,
40244,钻石招募,401,144,61,0,100,100,
40245,钻石招募,401,145,61,0,100,100,
40246,钻石招募,401,146,61,0,100,100,
40247,钻石招募,401,147,61,0,100,100,
40248,钻石招募,401,148,61,0,100,100,
40249,钻石招募,401,149,61,0,100,100,
40250,钻石招募,401,150,61,2000,10,3,
40251,钻石招募,401,151,61,0,100,100,
40252,钻石招募,401,152,61,0,100,100,
40253,钻石招募,401,153,61,0,100,100,
40254,钻石招募,401,154,61,0,100,100,
40255,钻石招募,401,155,61,0,100,100,
40256,钻石招募,401,156,61,0,100,100,
40257,钻石招募,401,157,61,0,100,100,
40258,钻石招募,401,158,61,0,100,100,
40259,钻石招募,401,159,61,0,100,100,
40260,钻石招募,401,160,61,6000,10,3,
40261,钻石招募,401,161,61,0,100,100,
40262,钻石招募,401,162,61,0,100,100,
40263,钻石招募,401,163,61,0,100,100,
40264,钻石招募,401,164,61,0,100,100,
40265,钻石招募,401,165,61,0,100,100,
40266,钻石招募,401,166,61,0,100,100,
40267,钻石招募,401,167,61,0,100,100,
40268,钻石招募,401,168,61,0,100,100,
40269,钻石招募,401,169,61,0,100,100,
40270,钻石招募,401,170,61,8000,10,3,
40271,钻石招募,401,171,61,0,100,100,
40272,钻石招募,401,172,61,0,100,100,
40273,钻石招募,401,173,61,0,100,100,
40274,钻石招募,401,174,61,0,100,100,
40275,钻石招募,401,175,61,0,100,100,
40276,钻石招募,401,176,61,0,100,100,
40277,钻石招募,401,177,61,0,100,100,
40278,钻石招募,401,178,61,0,100,100,
40279,钻石招募,401,179,61,0,100,100,
40280,钻石招募,401,180,61,10000,10,3,
#,,,,,,,,
41001,战令招募,402,1,1,10000,5,5,
#,,,,,,,,
42001,十连抽（赠送）,403,1,1,10000,5,5,
#,第五组：50101,神将活动-格罗姆地狱咆哮,,,,,,
50101,钻石招募,501,1,61,0,100,100,1025
50102,钻石招募,501,2,61,0,100,100,
50103,钻石招募,501,3,61,0,100,100,
50104,钻石招募,501,4,61,0,100,100,
50105,钻石招募,501,5,61,0,100,100,
50106,钻石招募,501,6,61,0,100,100,
50107,钻石招募,501,7,61,0,100,100,
50108,钻石招募,501,8,61,0,100,100,
50109,钻石招募,501,9,61,0,100,100,
50110,钻石招募,501,10,61,0,11,3,
50111,钻石招募,501,11,61,0,100,100,
50112,钻石招募,501,12,61,0,100,100,
50113,钻石招募,501,13,61,0,100,100,
50114,钻石招募,501,14,61,0,100,100,
50115,钻石招募,501,15,61,0,100,100,
50116,钻石招募,501,16,61,0,100,100,
50117,钻石招募,501,17,61,0,100,100,
50118,钻石招募,501,18,61,0,100,100,
50119,钻石招募,501,19,61,0,100,100,
50120,钻石招募,501,20,61,0,11,3,
50121,钻石招募,501,21,61,0,100,100,
50122,钻石招募,501,22,61,0,100,100,
50123,钻石招募,501,23,61,0,100,100,
50124,钻石招募,501,24,61,0,100,100,
50125,钻石招募,501,25,61,0,100,100,
50126,钻石招募,501,26,61,0,100,100,
50127,钻石招募,501,27,61,0,100,100,
50128,钻石招募,501,28,61,0,100,100,
50129,钻石招募,501,29,61,0,100,100,
50130,钻石招募,501,30,61,0,11,3,
50131,钻石招募,501,31,61,0,100,100,
50132,钻石招募,501,32,61,0,100,100,
50133,钻石招募,501,33,61,0,100,100,
50134,钻石招募,501,34,61,0,100,100,
50135,钻石招募,501,35,61,0,100,100,
50136,钻石招募,501,36,61,0,100,100,
50137,钻石招募,501,37,61,0,100,100,
50138,钻石招募,501,38,61,0,100,100,
50139,钻石招募,501,39,61,0,100,100,
50140,钻石招募,501,40,61,2000,11,3,
50141,钻石招募,501,41,61,0,100,100,
50142,钻石招募,501,42,61,0,100,100,
50143,钻石招募,501,43,61,0,100,100,
50144,钻石招募,501,44,61,0,100,100,
50145,钻石招募,501,45,61,0,100,100,
50146,钻石招募,501,46,61,0,100,100,
50147,钻石招募,501,47,61,0,100,100,
50148,钻石招募,501,48,61,0,100,100,
50149,钻石招募,501,49,61,0,100,100,
50150,钻石招募,501,50,61,7500,11,3,
50151,钻石招募,501,51,61,0,100,100,
50152,钻石招募,501,52,61,0,100,100,
50153,钻石招募,501,53,61,0,100,100,
50154,钻石招募,501,54,61,0,100,100,
50155,钻石招募,501,55,61,0,100,100,
50156,钻石招募,501,56,61,0,100,100,
50157,钻石招募,501,57,61,0,100,100,
50158,钻石招募,501,58,61,0,100,100,
50159,钻石招募,501,59,61,0,100,100,
50160,钻石招募,501,60,61,10000,11,3,
50161,钻石招募,501,61,61,0,100,100,
50162,钻石招募,501,62,61,0,100,100,
50163,钻石招募,501,63,61,0,100,100,
50164,钻石招募,501,64,61,0,100,100,
50165,钻石招募,501,65,61,0,100,100,
50166,钻石招募,501,66,61,0,100,100,
50167,钻石招募,501,67,61,0,100,100,
50168,钻石招募,501,68,61,0,100,100,
50169,钻石招募,501,69,61,0,100,100,
50170,钻石招募,501,70,61,0,11,3,
50171,钻石招募,501,71,61,0,100,100,
50172,钻石招募,501,72,61,0,100,100,
50173,钻石招募,501,73,61,0,100,100,
50174,钻石招募,501,74,61,0,100,100,
50175,钻石招募,501,75,61,0,100,100,
50176,钻石招募,501,76,61,0,100,100,
50177,钻石招募,501,77,61,0,100,100,
50178,钻石招募,501,78,61,0,100,100,
50179,钻石招募,501,79,61,0,100,100,
50180,钻石招募,501,80,61,0,11,3,
50181,钻石招募,501,81,61,0,100,100,
50182,钻石招募,501,82,61,0,100,100,
50183,钻石招募,501,83,61,0,100,100,
50184,钻石招募,501,84,61,0,100,100,
50185,钻石招募,501,85,61,0,100,100,
50186,钻石招募,501,86,61,0,100,100,
50187,钻石招募,501,87,61,0,100,100,
50188,钻石招募,501,88,61,0,100,100,
50189,钻石招募,501,89,61,0,100,100,
50190,钻石招募,501,90,61,0,11,3,
50191,钻石招募,501,91,61,0,100,100,
50192,钻石招募,501,92,61,0,100,100,
50193,钻石招募,501,93,61,0,100,100,
50194,钻石招募,501,94,61,0,100,100,
50195,钻石招募,501,95,61,0,100,100,
50196,钻石招募,501,96,61,0,100,100,
50197,钻石招募,501,97,61,0,100,100,
50198,钻石招募,501,98,61,0,100,100,
50199,钻石招募,501,99,61,0,100,100,
50200,钻石招募,501,100,61,0,11,3,
50201,钻石招募,501,101,61,0,100,100,
50202,钻石招募,501,102,61,0,100,100,
50203,钻石招募,501,103,61,0,100,100,
50204,钻石招募,501,104,61,0,100,100,
50205,钻石招募,501,105,61,0,100,100,
50206,钻石招募,501,106,61,0,100,100,
50207,钻石招募,501,107,61,0,100,100,
50208,钻石招募,501,108,61,0,100,100,
50209,钻石招募,501,109,61,0,100,100,
50210,钻石招募,501,110,61,0,11,3,
50211,钻石招募,501,111,61,0,100,100,
50212,钻石招募,501,112,61,0,100,100,
50213,钻石招募,501,113,61,0,100,100,
50214,钻石招募,501,114,61,0,100,100,
50215,钻石招募,501,115,61,0,100,100,
50216,钻石招募,501,116,61,0,100,100,
50217,钻石招募,501,117,61,0,100,100,
50218,钻石招募,501,118,61,0,100,100,
50219,钻石招募,501,119,61,0,100,100,
50220,钻石招募,501,120,61,0,11,3,
50221,钻石招募,501,121,61,0,100,100,
50222,钻石招募,501,122,61,0,100,100,
50223,钻石招募,501,123,61,0,100,100,
50224,钻石招募,501,124,61,0,100,100,
50225,钻石招募,501,125,61,0,100,100,
50226,钻石招募,501,126,61,0,100,100,
50227,钻石招募,501,127,61,0,100,100,
50228,钻石招募,501,128,61,0,100,100,
50229,钻石招募,501,129,61,0,100,100,
50230,钻石招募,501,130,61,0,11,3,
50231,钻石招募,501,131,61,0,100,100,
50232,钻石招募,501,132,61,0,100,100,
50233,钻石招募,501,133,61,0,100,100,
50234,钻石招募,501,134,61,0,100,100,
50235,钻石招募,501,135,61,0,100,100,
50236,钻石招募,501,136,61,0,100,100,
50237,钻石招募,501,137,61,0,100,100,
50238,钻石招募,501,138,61,0,100,100,
50239,钻石招募,501,139,61,0,100,100,
50240,钻石招募,501,140,61,500,11,3,
50241,钻石招募,501,141,61,0,100,100,
50242,钻石招募,501,142,61,0,100,100,
50243,钻石招募,501,143,61,0,100,100,
50244,钻石招募,501,144,61,0,100,100,
50245,钻石招募,501,145,61,0,100,100,
50246,钻石招募,501,146,61,0,100,100,
50247,钻石招募,501,147,61,0,100,100,
50248,钻石招募,501,148,61,0,100,100,
50249,钻石招募,501,149,61,0,100,100,
50250,钻石招募,501,150,61,2000,11,3,
50251,钻石招募,501,151,61,0,100,100,
50252,钻石招募,501,152,61,0,100,100,
50253,钻石招募,501,153,61,0,100,100,
50254,钻石招募,501,154,61,0,100,100,
50255,钻石招募,501,155,61,0,100,100,
50256,钻石招募,501,156,61,0,100,100,
50257,钻石招募,501,157,61,0,100,100,
50258,钻石招募,501,158,61,0,100,100,
50259,钻石招募,501,159,61,0,100,100,
50260,钻石招募,501,160,61,6000,11,3,
50261,钻石招募,501,161,61,0,100,100,
50262,钻石招募,501,162,61,0,100,100,
50263,钻石招募,501,163,61,0,100,100,
50264,钻石招募,501,164,61,0,100,100,
50265,钻石招募,501,165,61,0,100,100,
50266,钻石招募,501,166,61,0,100,100,
50267,钻石招募,501,167,61,0,100,100,
50268,钻石招募,501,168,61,0,100,100,
50269,钻石招募,501,169,61,0,100,100,
50270,钻石招募,501,170,61,8000,11,3,
50271,钻石招募,501,171,61,0,100,100,
50272,钻石招募,501,172,61,0,100,100,
50273,钻石招募,501,173,61,0,100,100,
50274,钻石招募,501,174,61,0,100,100,
50275,钻石招募,501,175,61,0,100,100,
50276,钻石招募,501,176,61,0,100,100,
50277,钻石招募,501,177,61,0,100,100,
50278,钻石招募,501,178,61,0,100,100,
50279,钻石招募,501,179,61,0,100,100,
50280,钻石招募,501,180,61,10000,11,3,
#,,,,,,,,
51001,战令招募,502,1,1,10000,5,5,
#,,,,,,,,
52001,十连抽（赠送）,503,1,1,10000,5,5,
#,第一组：60101,神将活动-图拉扬,,,,,,
60101,钻石招募,101,1,61,0,100,100,1004
60102,钻石招募,101,2,61,0,100,100,
60103,钻石招募,101,3,61,0,100,100,
60104,钻石招募,101,4,61,0,100,100,
60105,钻石招募,101,5,61,0,100,100,
60106,钻石招募,101,6,61,0,100,100,
60107,钻石招募,101,7,61,0,100,100,
60108,钻石招募,101,8,61,0,100,100,
60109,钻石招募,101,9,61,0,100,100,
60110,钻石招募,101,10,61,0,12,3,
60111,钻石招募,101,11,61,0,100,100,
60112,钻石招募,101,12,61,0,100,100,
60113,钻石招募,101,13,61,0,100,100,
60114,钻石招募,101,14,61,0,100,100,
60115,钻石招募,101,15,61,0,100,100,
60116,钻石招募,101,16,61,0,100,100,
60117,钻石招募,101,17,61,0,100,100,
60118,钻石招募,101,18,61,0,100,100,
60119,钻石招募,101,19,61,0,100,100,
60120,钻石招募,101,20,61,0,12,3,
60121,钻石招募,101,21,61,0,100,100,
60122,钻石招募,101,22,61,0,100,100,
60123,钻石招募,101,23,61,0,100,100,
60124,钻石招募,101,24,61,0,100,100,
60125,钻石招募,101,25,61,0,100,100,
60126,钻石招募,101,26,61,0,100,100,
60127,钻石招募,101,27,61,0,100,100,
60128,钻石招募,101,28,61,0,100,100,
60129,钻石招募,101,29,61,0,100,100,
60130,钻石招募,101,30,61,0,12,3,
60131,钻石招募,101,31,61,0,100,100,
60132,钻石招募,101,32,61,0,100,100,
60133,钻石招募,101,33,61,0,100,100,
60134,钻石招募,101,34,61,0,100,100,
60135,钻石招募,101,35,61,0,100,100,
60136,钻石招募,101,36,61,0,100,100,
60137,钻石招募,101,37,61,0,100,100,
60138,钻石招募,101,38,61,0,100,100,
60139,钻石招募,101,39,61,0,100,100,
60140,钻石招募,101,40,61,2000,12,3,
60141,钻石招募,101,41,61,0,100,100,
60142,钻石招募,101,42,61,0,100,100,
60143,钻石招募,101,43,61,0,100,100,
60144,钻石招募,101,44,61,0,100,100,
60145,钻石招募,101,45,61,0,100,100,
60146,钻石招募,101,46,61,0,100,100,
60147,钻石招募,101,47,61,0,100,100,
60148,钻石招募,101,48,61,0,100,100,
60149,钻石招募,101,49,61,0,100,100,
60150,钻石招募,101,50,61,7500,12,3,
60151,钻石招募,101,51,61,0,100,100,
60152,钻石招募,101,52,61,0,100,100,
60153,钻石招募,101,53,61,0,100,100,
60154,钻石招募,101,54,61,0,100,100,
60155,钻石招募,101,55,61,0,100,100,
60156,钻石招募,101,56,61,0,100,100,
60157,钻石招募,101,57,61,0,100,100,
60158,钻石招募,101,58,61,0,100,100,
60159,钻石招募,101,59,61,0,100,100,
60160,钻石招募,101,60,61,10000,12,3,
60161,钻石招募,101,61,61,0,100,100,
60162,钻石招募,101,62,61,0,100,100,
60163,钻石招募,101,63,61,0,100,100,
60164,钻石招募,101,64,61,0,100,100,
60165,钻石招募,101,65,61,0,100,100,
60166,钻石招募,101,66,61,0,100,100,
60167,钻石招募,101,67,61,0,100,100,
60168,钻石招募,101,68,61,0,100,100,
60169,钻石招募,101,69,61,0,100,100,
60170,钻石招募,101,70,61,0,12,3,
60171,钻石招募,101,71,61,0,100,100,
60172,钻石招募,101,72,61,0,100,100,
60173,钻石招募,101,73,61,0,100,100,
60174,钻石招募,101,74,61,0,100,100,
60175,钻石招募,101,75,61,0,100,100,
60176,钻石招募,101,76,61,0,100,100,
60177,钻石招募,101,77,61,0,100,100,
60178,钻石招募,101,78,61,0,100,100,
60179,钻石招募,101,79,61,0,100,100,
60180,钻石招募,101,80,61,0,12,3,
60181,钻石招募,101,81,61,0,100,100,
60182,钻石招募,101,82,61,0,100,100,
60183,钻石招募,101,83,61,0,100,100,
60184,钻石招募,101,84,61,0,100,100,
60185,钻石招募,101,85,61,0,100,100,
60186,钻石招募,101,86,61,0,100,100,
60187,钻石招募,101,87,61,0,100,100,
60188,钻石招募,101,88,61,0,100,100,
60189,钻石招募,101,89,61,0,100,100,
60190,钻石招募,101,90,61,0,12,3,
60191,钻石招募,101,91,61,0,100,100,
60192,钻石招募,101,92,61,0,100,100,
60193,钻石招募,101,93,61,0,100,100,
60194,钻石招募,101,94,61,0,100,100,
60195,钻石招募,101,95,61,0,100,100,
60196,钻石招募,101,96,61,0,100,100,
60197,钻石招募,101,97,61,0,100,100,
60198,钻石招募,101,98,61,0,100,100,
60199,钻石招募,101,99,61,0,100,100,
60200,钻石招募,101,100,61,0,12,3,
60201,钻石招募,101,101,61,0,100,100,
60202,钻石招募,101,102,61,0,100,100,
60203,钻石招募,101,103,61,0,100,100,
60204,钻石招募,101,104,61,0,100,100,
60205,钻石招募,101,105,61,0,100,100,
60206,钻石招募,101,106,61,0,100,100,
60207,钻石招募,101,107,61,0,100,100,
60208,钻石招募,101,108,61,0,100,100,
60209,钻石招募,101,109,61,0,100,100,
60210,钻石招募,101,110,61,0,12,3,
60211,钻石招募,101,111,61,0,100,100,
60212,钻石招募,101,112,61,0,100,100,
60213,钻石招募,101,113,61,0,100,100,
60214,钻石招募,101,114,61,0,100,100,
60215,钻石招募,101,115,61,0,100,100,
60216,钻石招募,101,116,61,0,100,100,
60217,钻石招募,101,117,61,0,100,100,
60218,钻石招募,101,118,61,0,100,100,
60219,钻石招募,101,119,61,0,100,100,
60220,钻石招募,101,120,61,0,12,3,
60221,钻石招募,101,121,61,0,100,100,
60222,钻石招募,101,122,61,0,100,100,
60223,钻石招募,101,123,61,0,100,100,
60224,钻石招募,101,124,61,0,100,100,
60225,钻石招募,101,125,61,0,100,100,
60226,钻石招募,101,126,61,0,100,100,
60227,钻石招募,101,127,61,0,100,100,
60228,钻石招募,101,128,61,0,100,100,
60229,钻石招募,101,129,61,0,100,100,
60230,钻石招募,101,130,61,0,12,3,
60231,钻石招募,101,131,61,0,100,100,
60232,钻石招募,101,132,61,0,100,100,
60233,钻石招募,101,133,61,0,100,100,
60234,钻石招募,101,134,61,0,100,100,
60235,钻石招募,101,135,61,0,100,100,
60236,钻石招募,101,136,61,0,100,100,
60237,钻石招募,101,137,61,0,100,100,
60238,钻石招募,101,138,61,0,100,100,
60239,钻石招募,101,139,61,0,100,100,
60240,钻石招募,101,140,61,500,12,3,
60241,钻石招募,101,141,61,0,100,100,
60242,钻石招募,101,142,61,0,100,100,
60243,钻石招募,101,143,61,0,100,100,
60244,钻石招募,101,144,61,0,100,100,
60245,钻石招募,101,145,61,0,100,100,
60246,钻石招募,101,146,61,0,100,100,
60247,钻石招募,101,147,61,0,100,100,
60248,钻石招募,101,148,61,0,100,100,
60249,钻石招募,101,149,61,0,100,100,
60250,钻石招募,101,150,61,2000,12,3,
60251,钻石招募,101,151,61,0,100,100,
60252,钻石招募,101,152,61,0,100,100,
60253,钻石招募,101,153,61,0,100,100,
60254,钻石招募,101,154,61,0,100,100,
60255,钻石招募,101,155,61,0,100,100,
60256,钻石招募,101,156,61,0,100,100,
60257,钻石招募,101,157,61,0,100,100,
60258,钻石招募,101,158,61,0,100,100,
60259,钻石招募,101,159,61,0,100,100,
60260,钻石招募,101,160,61,6000,12,3,
60261,钻石招募,101,161,61,0,100,100,
60262,钻石招募,101,162,61,0,100,100,
60263,钻石招募,101,163,61,0,100,100,
60264,钻石招募,101,164,61,0,100,100,
60265,钻石招募,101,165,61,0,100,100,
60266,钻石招募,101,166,61,0,100,100,
60267,钻石招募,101,167,61,0,100,100,
60268,钻石招募,101,168,61,0,100,100,
60269,钻石招募,101,169,61,0,100,100,
60270,钻石招募,101,170,61,8000,12,3,
60271,钻石招募,101,171,61,0,100,100,
60272,钻石招募,101,172,61,0,100,100,
60273,钻石招募,101,173,61,0,100,100,
60274,钻石招募,101,174,61,0,100,100,
60275,钻石招募,101,175,61,0,100,100,
60276,钻石招募,101,176,61,0,100,100,
60277,钻石招募,101,177,61,0,100,100,
60278,钻石招募,101,178,61,0,100,100,
60279,钻石招募,101,179,61,0,100,100,
60280,钻石招募,101,180,61,10000,12,3,
#,,,,,,,,
61001,战令招募,102,1,1,10000,5,5,
#,,,,,,,,
62001,十连抽（赠送）,103,1,1,10000,5,5,
